Date,Amount,Merchant,Category,,,
12/7/2023,-10,Amex Send Offer     Credit,Business Services-Other Services,,,
12/7/2023,111.48,STATE FARM INSURANCEBLOOMINGTON         IL,Business Services-Insurance Services,,,
12/5/2023,49.68,Amex Send: Add Money,Other-Miscellaneous,,,
12/2/2023,11.66,RAISING CANES 0690  FULLERTON           CA,Restaurant-Bar & Café,,,
12/1/2023,18.31,AplPay WINGSTOP 1229FULLERTON           CA,Other-Miscellaneous,,,
11/30/2023,3.59,AplPay ALOHA JAVA   FULLERTON           CA,Restaurant-Bar & Café,,,
11/30/2023,8.38,AplPay CSUF CARL'S JFULLERTON           CA,Restaurant-Bar & Café,,,
11/30/2023,5.17,UBER EATS           help.uber.com       CA,Restaurant-Restaurant,,,
11/29/2023,5.23,AplPay UNION 76 0949CORONA              CA,Transportation-Fuel,,,
11/28/2023,9.57,AplPay ALOHA JAVA   FULLERTON           CA,Restaurant-Bar & Café,,,
11/28/2023,5.39,AplPay CSUF TITAN SHFULLERTON           CA,Other-Miscellaneous,,,
11/28/2023,12.93,AplPay HIBACHI SAN #FULLERTON           CA,Restaurant-Bar & Café,,,
11/27/2023,3.49,AplPay VONS #2659 26RIVERSIDE           CA,Merchandise & Supplies-Groceries,,,
11/24/2023,10.34,COLD STONE CREAMERY RIVERSIDE           CA,Other-Miscellaneous,,,
11/24/2023,-146.53,MOBILE PAYMENT - THANK YOU,,,,
11/23/2023,3.77,CHATSWORTH LAKE LIQUCHATSWORTH          CA,Merchandise & Supplies-Groceries,,,
11/23/2023,12,POINT.ME            NEW YORK            NY,Business Services-Professional Services,,,
11/22/2023,5,KP RX01069 0029     COLTON              CA,Merchandise & Supplies-Pharmacies,,,
11/21/2023,-29,CR ADJ - RET CHECK FEE,Fees & Adjustments-Fees & Adjustments,,,
11/21/2023,-783.74,MOBILE PAYMENT - THANK YOU,,,,
11/21/2023,29,RETURN PAYMENT FEE,Fees & Adjustments-Fees & Adjustments,,,
11/21/2023,96.23,STATER BROS MARKETS YUCCA VALLEY        CA,Merchandise & Supplies-Groceries,,,
11/20/2023,21.3,ARCO #42446 AMPM ARCYUCCA VALLEY        CA,Transportation-Fuel,,,
11/20/2023,8.14,AplPay IN-N-OUT HESPHESPERIA            CA,Restaurant-Bar & Café,,,
11/20/2023,22.29,FRONTIER            YUCCA VALLEY        CA,Restaurant-Bar & Café,,,
11/18/2023,-816.28,AUTOPAY PAYMENT - THANK YOU,,,,
11/18/2023,18.61,AplPay MCDONALD'S F2LONE PINE           CA,Restaurant-Bar & Café,,,
11/18/2023,124.69,JOHNS PIZZA WORKS 65MAMMOTH LAKES       CA,Restaurant-Restaurant,,,
11/18/2023,11.19,VONS #1753 1753     BISHOP              CA,Merchandise & Supplies-Groceries,,,
11/17/2023,30.63,BAKERS - 148 0000000RIVERSIDE           CA,Restaurant-Bar & Café,,,
11/17/2023,20,CHATGPT SUBSCRIPTIONSAN FRANCISCO       CA,Merchandise & Supplies-Computer Supplies,,,
11/16/2023,10.76,AplPay ALOHA JAVA   FULLERTON           CA,Restaurant-Bar & Café,,,
11/16/2023,52.11,AplPay SPORTS BASEMEFOUNTAIN VALL       CA,Other-Miscellaneous,,,
11/15/2023,12.07,CHIPOTLE 0333 0000  RIVERSIDE           CA,Restaurant-Bar & Café,,,
11/14/2023,12.07,AplPay CHIPOTLE ONLINEWPORT BEACH       CA,Restaurant-Bar & Café,,,
11/14/2023,27.14,AplPay WINGSTOP 1229FULLERTON           CA,Other-Miscellaneous,,,
11/13/2023,3.35,AplPay CSUF EMPORI-YFULLERTON           CA,Other-Miscellaneous,,,
11/13/2023,10.99,AplPay CSUF FOOD COUFULLERTON           CA,Other-Education,,,
11/12/2023,42.24,IHOP                SANTA BARBARA       CA,Restaurant-Restaurant,,,
11/12/2023,84.84,SPEEDWAY 4877 SPWY64SANTA BARBARA       CA,Transportation-Fuel,,,
11/11/2023,6.25,HANDLEBAR CAFE INC. Santa Barbara       CA,Restaurant-Restaurant,,,
11/11/2023,18.22,TST* SANTA BARBARA CSANTA BARBARA       CA,Restaurant-Restaurant,,,
11/10/2023,9.87,IN-N-OUT GLENDALE 2 GLENDALE            CA,Restaurant-Bar & Café,,,
11/10/2023,5.3,WAL-MART SUPERCENTERDOWNEY              CA,Merchandise & Supplies-Wholesale Stores,,,
11/10/2023,117.8,WAL-MART SUPERCENTERDOWNEY              CA,Merchandise & Supplies-Wholesale Stores,,,
11/9/2023,50.2,AT&T   *PAYMENT     800-288-2020        FL,Communications-Cable & Internet Comm,,,
11/9/2023,6.95,KUNG FU TEA 43684555RIVERSIDE           CA,Restaurant-Bar & Café,,,
11/9/2023,19,PAYPAL *PADDLE.NET  4029357733          GB,Business Services-Internet Services,,,
11/9/2023,48.4,PIZZATWISTCENTRALAVERIVERSIDE           CA,Restaurant-Bar & Café,,,
11/8/2023,6.5,AplPay REBORN COFFEEAnaheim             CA,Restaurant-Bar & Café,,,
11/7/2023,-10,AMEX Dining Credit,Restaurant-Restaurant,,,
11/4/2023,14.13,TRADER JOE S #015 00RIVERSIDE           CA,Merchandise & Supplies-Groceries,,,
11/3/2023,11.99,QUICKQUACK* #0701 WAROSEVILLE           CA,Business Services-Other Services,,,
11/2/2023,1.97,AplPay STARBUCKS 196FULLERTON           CA,Other-Education,,,
11/2/2023,12.5,BT*GRUBHUB CAMPUS DISAN FRANCISCO       CA,Restaurant-Restaurant,,,
10/31/2023,59.78,DEMATTEOS 000000001 RIVERSIDE           CA,Restaurant-Restaurant,,,
10/30/2023,20.09,FRITZI COOP         Los Angeles         CA,Restaurant-Bar & Café,,,
10/29/2023,4.4,COFFEE CORNER       LOS ANGELES         CA,Restaurant-Restaurant,,,
10/28/2023,66,AplPay VENICE SOLEILVENICE              CA,Entertainment-Associations,,,
10/26/2023,8.2,AplPay CSUF TITAN SHFULLERTON           CA,Other-Miscellaneous,,,
10/26/2023,10,AplPay STARBUCKS    800-782-7282        WA,Restaurant-Bar & Café,,,
10/26/2023,9.49,BT*GRUBHUB CAMPUS DISAN FRANCISCO       CA,Restaurant-Restaurant,,,
10/25/2023,10.99,AplPay CSUF FOOD COUFULLERTON           CA,Other-Education,,,
10/24/2023,13.5,BT*GRUBHUB CAMPUS DISAN FRANCISCO       CA,Restaurant-Restaurant,,,
10/23/2023,3.35,AplPay CSUF BRIEF STFULLERTON           CA,Other-Miscellaneous,,,
10/23/2023,18.05,IN-N-OUT PLACENTIA  PLACENTIA           CA,Restaurant-Bar & Café,,,
10/23/2023,12,POINT.ME            NEW YORK            NY,Business Services-Professional Services,,,
10/22/2023,17.08,FLAMIN CREATIONS    OCEANSIDE           CA,Other-Miscellaneous,,,
10/21/2023,20,PAYPAL *METAPPGIVE M8882211161          DC,Other-Miscellaneous,,,
10/20/2023,4.12,PELTZER FARMS INC.  TEMECULA            CA,Merchandise & Supplies-Groceries,,,
10/20/2023,5.43,TRADER JOE S #015 00RIVERSIDE           CA,Merchandise & Supplies-Groceries,,,
10/20/2023,81.76,TST* OSCARS BREWING TEMECULA            CA,Other-Miscellaneous,,,
10/19/2023,12.01,AplPay PANDA EXPRESSFULLERTON           CA,Restaurant-Bar & Café,,,
10/18/2023,-808.08,AUTOPAY PAYMENT - THANK YOU,,,,
10/17/2023,10.99,AplPay CSUF FOOD COUFULLERTON           CA,Other-Education,,,
10/17/2023,20,CHATGPT SUBSCRIPTIONSAN FRANCISCO       CA,Merchandise & Supplies-Computer Supplies,,,
10/16/2023,12,BT*GRUBHUB CAMPUS DISAN FRANCISCO       CA,Restaurant-Restaurant,,,
10/15/2023,-0.5,AMEX Dining Credit,Restaurant-Restaurant,,,
10/15/2023,15.66,BRANDONS DINER JR 06RIVERSIDE           CA,Other-Miscellaneous,,,
10/14/2023,19,AplPay PADDLE.NET* SASTORIA             NY,Merchandise & Supplies-Internet Purchase,,,
10/14/2023,26.94,INTAZZA 000000001   MURRIETA            CA,Restaurant-Bar & Café,,,
10/14/2023,93.74,PBS RANCHO 00H4     RANCHO CUCAMO       CA,Restaurant-Bar & Café,,,
10/13/2023,25.95,DAVES HOT CHICKEN  1ONTARIO             CA,Restaurant-Restaurant,,,
10/12/2023,11.8,AplPay CHIPOTLE ONLINEWPORT BEACH       CA,Restaurant-Bar & Café,,,
10/11/2023,3.29,AplPay CSUF TITAN SHFULLERTON           CA,Other-Miscellaneous,,,
10/11/2023,8.95,BT*GRUBHUB CAMPUS DISAN FRANCISCO       CA,Restaurant-Restaurant,,,
10/9/2023,50.2,AT&T   *PAYMENT     800-288-2020        FL,Communications-Cable & Internet Comm,,,
10/9/2023,2.39,CSUF BRIEF STOP 0688FULLERTON           CA,Other-Miscellaneous,,,
10/8/2023,-9.5,AMEX Dining Credit,Restaurant-Restaurant,,,
10/8/2023,38.98,KRISPY KREME DOUGHNUONTARIO             CA,Restaurant-Bar & Café,,,
10/7/2023,7.44,CIRCLE K # 06064    CORONA              CA,Transportation-Fuel,,,
10/7/2023,20,Lake Alice Trading CRiverside           CA,Restaurant-Restaurant,,,
10/7/2023,7,UBER EATS           help.uber.com       CA,Restaurant-Restaurant,,,
10/5/2023,3.35,AplPay CSUF TITAN SHFULLERTON           CA,Other-Miscellaneous,,,
10/5/2023,9.5,BT*GRUBHUB CAMPUS DISAN FRANCISCO       CA,Restaurant-Restaurant,,,
10/4/2023,3.29,AplPay CSUF TITAN SHFULLERTON           CA,Other-Miscellaneous,,,
10/4/2023,5,AplPay REBORN COFFEEAnaheim             CA,Restaurant-Bar & Café,,,
10/3/2023,18.1,AplPay PANDA EXPRESSFULLERTON           CA,Restaurant-Bar & Café,,,
10/3/2023,10,AplPay STARBUCKS    800-782-7282        WA,Restaurant-Bar & Café,,,
10/2/2023,3.29,AplPay CSUF TITAN SHFULLERTON           CA,Other-Miscellaneous,,,
10/1/2023,27.23,AplPay TST* BADLANDSNORCO               CA,Other-Miscellaneous,,,
9/30/2023,16.37,FARMER BOYS - FONTANFONTANA             CA,Restaurant-Bar & Café,,,
9/30/2023,19,PAYPAL *PADDLE.NET  4029357733          GB,Business Services-Internet Services,,,
9/30/2023,3.69,RALPHS              FONTANA             CA,Merchandise & Supplies-Groceries,,,
9/28/2023,11.05,PAYPAL *ZAZZLECOMIN 8009809890          CA,Business Services-Other Services,,,
9/27/2023,21.6,AplPay CSUF TITAN SHFULLERTON           CA,Other-Miscellaneous,,,
9/26/2023,13.16,AplPay CHIPOTLE ONLINEWPORT BEACH       CA,Restaurant-Bar & Café,,,
9/26/2023,3.35,AplPay CSUF TITAN SHFULLERTON           CA,Other-Miscellaneous,,,
9/26/2023,12.5,BT*GRUBHUB CAMPUS DISAN FRANCISCO       CA,Restaurant-Restaurant,,,
9/25/2023,3.29,AplPay CSUF TITAN SHFULLERTON           CA,Other-Miscellaneous,,,
9/25/2023,7.15,AplPay REBORN COFFEEAnaheim             CA,Restaurant-Bar & Café,,,
9/25/2023,17.8,THE TOLL ROADS OF OC949-727-4800        CA,Other-Government Services,,,
9/24/2023,9.21,AplPay DEL TACO     RIVERSIDE           CA,Restaurant-Bar & Café,,,
9/23/2023,3.86,DEL TACO 1493 000001NEWPORT BEACH       CA,Other-Miscellaneous,,,
9/23/2023,12,POINT.ME            NEW YORK            NY,Business Services-Professional Services,,,
9/23/2023,43.8,THE GRIDDLE CAFE INCLOS ANGELES         CA,Restaurant-Restaurant,,,
9/23/2023,26.55,The Association     Los Angeles         CA,Restaurant-Restaurant,,,
9/23/2023,52.2,The Association     Los Angeles         CA,Restaurant-Restaurant,,,
9/23/2023,22.99,Uber Trip           help.uber.com       CA,Transportation-Taxis & Coach,,,
9/22/2023,53.49,AplPay STORE*FARMHOUSAN FRANCISCO       CA,Restaurant-Restaurant,,,
9/21/2023,9.49,BT*GRUBHUB CAMPUS DISAN FRANCISCO       CA,Restaurant-Restaurant,,,
9/20/2023,35,AplPay BRANDON      Costa Mesa          CA,Entertainment-Theatrical Events,,,
9/20/2023,6.5,AplPay REBORN COFFEEAnaheim             CA,Restaurant-Bar & Café,,,
9/20/2023,35.94,THE OBSERVATORY MAINSanta Ana           CA,Restaurant-Bar & Café,,,
9/20/2023,7.01,Uber Trip           help.uber.com       CA,Transportation-Taxis & Coach,,,
9/19/2023,13.16,AplPay CHIPOTLE ONLINEWPORT BEACH       CA,Restaurant-Bar & Café,,,
9/19/2023,13.5,BT*GRUBHUB CAMPUS DISAN FRANCISCO       CA,Restaurant-Restaurant,,,
9/18/2023,-984.3,AUTOPAY PAYMENT - THANK YOU,,,,
9/18/2023,3.29,AplPay CSUF TITAN SHFULLERTON           CA,Other-Miscellaneous,,,
9/18/2023,10,AplPay STARBUCKS    800-782-7282        WA,Restaurant-Bar & Café,,,
9/17/2023,20,CHATGPT SUBSCRIPTIONSAN FRANCISCO       CA,Merchandise & Supplies-Computer Supplies,,,
9/17/2023,58.71,ELLIOTTS FOR PETS 00RIVERSIDE           CA,Merchandise & Supplies-General Retail,,,
9/17/2023,7.12,IN N OUT BURGER 175 CORONA              CA,Restaurant-Bar & Café,,,
9/17/2023,15.3,RUBIO'S #189        CORONA              CA,Restaurant-Bar & Café,,,
9/15/2023,7,ADAMS SERVICE CENTERRIVERSIDE           CA,Business Services-Other Services,,,
9/15/2023,6,AplPay CIRCLE K 0192CORONA              CA,Transportation-Fuel,,,
9/14/2023,10.99,AplPay CSUF FOOD COUFULLERTON           CA,Other-Education,,,
9/12/2023,12,BT*GRUBHUB CAMPUS DISAN FRANCISCO       CA,Restaurant-Restaurant,,,
9/11/2023,6.64,AplPay CSUF TITAN SHFULLERTON           CA,Other-Miscellaneous,,,
9/9/2023,45.2,AT&T   *PAYMENT     800-288-2020        FL,Communications-Cable & Internet Comm,,,
9/9/2023,12.74,AplPay RAISING CANESHUNTINGTON BE       CA,Restaurant-Bar & Café,,,
9/9/2023,3.37,UBER EATS           help.uber.com       CA,Restaurant-Restaurant,,,
9/8/2023,-10,AMEX Dining Credit,Restaurant-Restaurant,,,
9/8/2023,10,AplPay STARBUCKS    800-782-7282        WA,Restaurant-Bar & Café,,,
9/7/2023,13.5,BT*GRUBHUB CAMPUS DISAN FRANCISCO       CA,Restaurant-Restaurant,,,
9/6/2023,1,AplPay ASSOCIATED STFULLERTON           CA,Other-Education,,,
9/5/2023,10.86,AplPay ADORAMA.COM  800-223-2500        NY,Merchandise & Supplies-Internet Purchase,,,
9/5/2023,11,BT*GRUBHUB CAMPUS DISAN FRANCISCO       CA,Restaurant-Restaurant,,,
9/3/2023,8,BARRETT'S LEMONADE  HUNTINGTON BEACH    CA,Restaurant-Bar & Café,,,
9/3/2023,49.18,TST* HOME STATE HIGHLOS ANGELES         CA,Restaurant-Restaurant,,,
9/2/2023,13.56,TST* JAXONS CHIX TENORANGE              CA,Restaurant-Restaurant,,,
8/31/2023,11.8,AplPay CHIPOTLE ONLINEWPORT BEACH       CA,Restaurant-Bar & Café,,,
8/31/2023,12,BT*GRUBHUB CAMPUS DISAN FRANCISCO       CA,Restaurant-Restaurant,,,
8/31/2023,7.5,METROLINK 000009222 LOS ANGELES         CA,Other-Government Services,,,
8/30/2023,10,METROLINK 000009222 LOS ANGELES         CA,Other-Government Services,,,
8/29/2023,11.8,AplPay CHIPOTLE ONLINEWPORT BEACH       CA,Restaurant-Bar & Café,,,
8/29/2023,10.75,BT*GRUBHUB CAMPUS DISAN FRANCISCO       CA,Restaurant-Restaurant,,,
8/29/2023,10,METROLINK 000009222 LOS ANGELES         CA,Other-Government Services,,,
8/28/2023,12,AplPay CARDPOINTERS.MIAMI               FL,Merchandise & Supplies-Computer Supplies,,,
8/28/2023,39.95,PAYPAL *LYRYXLEARNI 6472193027          CA,Business Services-Internet Services,,,
8/27/2023,7.14,CKE*MOONRIDGE COFFEEBIG BEAR LAKE       CA,Restaurant-Restaurant,,,
8/25/2023,84,PAYPAL *XCODECLBDEB 4029357733          CA,Business Services-Internet Services,,,
8/25/2023,14.05,TACO BELL #035612 03BIG BEAR LAKE       CA,Restaurant-Bar & Café,,,
8/24/2023,11.8,AplPay CHIPOTLE ONLINEWPORT BEACH       CA,Restaurant-Bar & Café,,,
8/24/2023,3.29,AplPay CSUF TITAN SHFULLERTON           CA,Other-Miscellaneous,,,
8/24/2023,9.49,BT*GRUBHUB CAMPUS DISAN FRANCISCO       CA,Restaurant-Restaurant,,,
8/23/2023,8,BT*GRUBHUB CAMPUS DISAN FRANCISCO       CA,Restaurant-Restaurant,,,
8/23/2023,10,METROLINK 000009222 LOS ANGELES         CA,Other-Government Services,,,
8/23/2023,12,POINT.ME            NEW YORK            NY,Business Services-Professional Services,,,
8/22/2023,11.8,AplPay CHIPOTLE ONLINEWPORT BEACH       CA,Restaurant-Bar & Café,,,
8/22/2023,10,AplPay STARBUCKS    800-782-7282        WA,Restaurant-Bar & Café,,,
8/22/2023,10.75,BT*GRUBHUB CAMPUS DISAN FRANCISCO       CA,Restaurant-Restaurant,,,
8/22/2023,10,METROLINK 000009222 LOS ANGELES         CA,Other-Government Services,,,
8/21/2023,6.52,CKE*MOONRIDGE COFFEEBIG BEAR LAKE       CA,Restaurant-Restaurant,,,
8/20/2023,19,AplPay PADDLE.NET* SASTORIA             NY,Merchandise & Supplies-Internet Purchase,,,
8/19/2023,-97.65,AplPay PTI* BIG BEARMIDVALE             UT,Entertainment-General Attractions,,,
8/19/2023,42.79,STATER BROS MARKETS BIG BEAR LAKE       CA,Merchandise & Supplies-Groceries,,,
8/19/2023,286.61,TST* HIMALAYAN RESTABIG BEAR LAKE       CA,Restaurant-Restaurant,,,
8/18/2023,-1797.49,AUTOPAY PAYMENT - THANK YOU,,,,
8/18/2023,5.2,CIRCLE K 01922/CIRCLCORONA              CA,Transportation-Fuel,,,
8/18/2023,8.06,THE TOLL ROADS OF OC949-727-4800        CA,Other-Government Services,,,
8/17/2023,20,CHATGPT SUBSCRIPTIONSAN FRANCISCO       CA,Merchandise & Supplies-Computer Supplies,,,
8/17/2023,12.93,CHICK-FIL-A #03791 0RIVERSIDE           CA,Restaurant-Bar & Café,,,
8/15/2023,7.12,AplPay IN N OUT BURGCORONA              CA,Restaurant-Bar & Café,,,
8/15/2023,11.8,CHIPOTLE ONLINE     NEWPORT BEACH       CA,Restaurant-Bar & Café,,,
8/15/2023,21.09,VONS #2381 2381     CORONA              CA,Merchandise & Supplies-Groceries,,,
8/12/2023,-10,AMEX Dining Credit,Restaurant-Restaurant,,,
8/12/2023,19,PAYPAL *PADDLE.NET  4029357733          GB,Business Services-Internet Services,,,
8/12/2023,14.14,THE TOLL ROADS OF OC949-727-4800        CA,Other-Government Services,,,
8/11/2023,13.04,AplPay CHICK-FIL-A #RIVERSIDE           CA,Restaurant-Bar & Café,,,
8/10/2023,4.34,AMAZON MARKETPLACE NAMZN.COM/BILL       WA,Merchandise & Supplies-Internet Purchase,,,
8/8/2023,93.47,ANGEL THAI CUISINE  RIVERSIDE           CA,Restaurant-Restaurant,,,
8/8/2023,10,AplPay STARBUCKS    800-782-7282        WA,Restaurant-Bar & Café,,,
8/8/2023,18.54,GRUBHUB* DELIASGRINDCHICAGO             IL,Restaurant-Restaurant,,,
8/5/2023,59.37,BEVERAGES & MORE #78MIRA LOMA           CA,Merchandise & Supplies-Groceries,,,
8/5/2023,13.99,CVS/PHARMACY        RIVERSIDE           CA,Merchandise & Supplies-Pharmacies,,,
8/5/2023,16.32,TST* MR TACO FRESH MRIVERSIDE           CA,Other-Miscellaneous,,,
8/4/2023,35.57,CARLOS LIQUOR 0100  RIVERSIDE           CA,Merchandise & Supplies-Groceries,,,
8/4/2023,3.37,UBER EATS           help.uber.com       CA,Restaurant-Restaurant,,,
8/2/2023,10,AplPay STARBUCKS    800-782-7282        WA,Restaurant-Bar & Café,,,
8/2/2023,10.5,AplPay TIM BOBA     RIVERSIDE           CA,Restaurant-Restaurant,,,
8/2/2023,11.8,CHIPOTLE 0333 0000  RIVERSIDE           CA,Restaurant-Bar & Café,,,
7/31/2023,163.13,AplPay NIKE.COM AP 2BEAVERTON           OR,Merchandise & Supplies-Internet Purchase,,,
7/30/2023,-771.52,AplPay AIRBNB * HMNCSAN FRANCISCO       CA,Travel-Travel Agencies,,,
7/30/2023,-192.58,AplPay AIRBNB * HMNCSAN FRANCISCO       CA,Travel-Travel Agencies,,,
7/30/2023,390.89,AplPay PTI* BIG BEARMIDVALE             UT,Entertainment-General Attractions,,,
7/30/2023,12.01,PANDA EXPRESS       COSTA MESA          CA,Restaurant-Bar & Café,,,
7/30/2023,9.7,TACO BELL 040763 040NEWPORT BEACH       CA,Restaurant-Bar & Café,,,
7/30/2023,13.46,TACO BELL 040763 040NEWPORT BEACH       CA,Restaurant-Bar & Café,,,
7/29/2023,100,CLICK-DISSOLVE      KATY                TX,Business Services-Contracting Services,,,
7/29/2023,19,PAYPAL *PADDLE.NET  4029357733          GB,Business Services-Internet Services,,,
7/29/2023,16,WILSON'S BBQ RIB SHARialto              CA,Restaurant-Restaurant,,,
7/28/2023,7.51,ALL POINTS BREWING CRIVERSIDE           CA,Other-Miscellaneous,,,
7/28/2023,8.21,AplPay BAKERS - 148 RIVERSIDE           CA,Restaurant-Bar & Café,,,
7/27/2023,8.32,IN N OUT BURGER 046 RIVERSIDE           CA,Restaurant-Bar & Café,,,
7/26/2023,23.75,AMAZON MARKETPLACE NAMZN.COM/BILL       WA,Merchandise & Supplies-Internet Purchase,,,
7/26/2023,32,AplPay GLO MINI GOLFRiverside           CA,Entertainment-General Attractions,,,
7/26/2023,0.95,SPK*SPOKEO SEARCH   800-699-4264        CA,Merchandise & Supplies-Internet Purchase,,,
7/26/2023,13.54,TACO BELL 039848 039CORONA              CA,Restaurant-Bar & Café,,,
7/25/2023,128.24,AMAZON MARKETPLACE NAMZN.COM/BILL       WA,Merchandise & Supplies-Internet Purchase,,,
7/25/2023,43.43,ANCHOS SOUTHWEST GRIRIVERSIDE           CA,Restaurant-Restaurant,,,
7/25/2023,192.58,AplPay AIRBNB * HMNCSAN FRANCISCO       CA,Travel-Travel Agencies,,,
7/25/2023,6.5,MCDONALD'S F855 0000RIVERSIDE           CA,Restaurant-Bar & Café,,,
7/25/2023,9.87,SPEEDWAY            1-800-643-1948      OH,Transportation-Fuel,,,
7/25/2023,5.01,USPS PO 0565530501 0RIVERSIDE           CA,Business Services-Mailing & Shipping,,,
7/23/2023,19,PAYPAL *PADDLE.NET  4029357733          GB,Business Services-Internet Services,,,
7/23/2023,12,POINT.ME            NEW YORK            NY,Travel-Lodging,,,
7/23/2023,21.74,TST* MR TACO FRESH MRIVERSIDE           CA,Other-Miscellaneous,,,
7/23/2023,17.85,The Association     Los Angeles         CA,Restaurant-Restaurant,,,
7/23/2023,28.05,The Association     Los Angeles         CA,Restaurant-Restaurant,,,
7/20/2023,20.28,FRANCE HOUSE OF CREPMORENO VALLEY       CA,Restaurant-Restaurant,,,
7/20/2023,23.37,TRADER JOE S #015 00RIVERSIDE           CA,Merchandise & Supplies-Groceries,,,
7/19/2023,11,A & A HOLDINGS      SAN BERNARDIN       CA,Business Services-Other Services,,,
7/19/2023,37.41,FUFUS GRILL 0000    RIVERSIDE           CA,Restaurant-Restaurant,,,
7/18/2023,-10,AMEX Dining Credit,Restaurant-Restaurant,,,
7/18/2023,-1787.13,AUTOPAY PAYMENT - THANK YOU,,,,
7/18/2023,771.52,AplPay AIRBNB * HMNCSAN FRANCISCO       CA,Travel-Travel Agencies,,,
7/18/2023,22.6,AplPay REGAL CINEMASKNOXVILLE           TN,Entertainment-Theatrical Events,,,
7/18/2023,10.44,MAXI FOODS UNIVERSITRIVERSIDE           CA,Other-Miscellaneous,,,
7/17/2023,59.85,ANGEL THAI CUISINE  RIVERSIDE           CA,Restaurant-Restaurant,,,
7/17/2023,20,CHATGPT SUBSCRIPTIONSAN FRANCISCO       CA,Merchandise & Supplies-Computer Supplies,,,
7/15/2023,10.02,DAIRY QUEEN #42629 0MONTCLAIR           CA,Restaurant-Bar & Café,,,
7/15/2023,5.86,PAYPAL *ETSY INC    8446593879          NY,Merchandise & Supplies-Clothing Stores,,,
7/15/2023,19,PAYPAL *PADDLE.NET  4029357733          GB,Business Services-Internet Services,,,
7/14/2023,76.8,AplPay REGAL CINEMASKNOXVILLE           TN,Entertainment-Theatrical Events,,,
7/14/2023,15.71,GRUBHUB*THEFLAMEBROINEW YORK            NY,Restaurant-Restaurant,,,
7/14/2023,13.99,TST* SHOOTZ - ONTARIONTARIO             CA,Other-Miscellaneous,,,
7/13/2023,31.07,Uber Trip           help.uber.com       CA,Transportation-Taxis & Coach,,,
7/12/2023,11.06,CHIPOTLE ONLINE     NEWPORT BEACH       CA,Restaurant-Bar & Café,,,
7/12/2023,7.61,CITY MARKET ROASTERSKANSAS CITY         MO,Restaurant-Restaurant,,,
7/10/2023,21.36,CENTERFIRE SHOOTING OLATHE              KS,Merchandise & Supplies-Sporting Goods Stores,,,
7/10/2023,30.48,TST* BOULEVARD BREWIKANSAS CITY         MO,Restaurant-Bar & Café,,,
7/9/2023,19.43,KING'S LIQUOR 0000  OLATHE              KS,Merchandise & Supplies-Groceries,,,
7/9/2023,4.27,QT                  OLATHE              KS,Merchandise & Supplies-Groceries,,,
7/9/2023,5.76,WAL-MART NEIGHBORHOOOLATHE              KS,Merchandise & Supplies-Groceries,,,
7/8/2023,9.62,JIMMY JOHNS         OLATHE              KS,Restaurant-Bar & Café,,,
7/7/2023,6.92,DEL TACO            TORRANCE            CA,Restaurant-Bar & Café,,,
7/7/2023,23.47,JOES KANSAS CITY BAROLATHE              KS,Restaurant-Restaurant,,,
7/7/2023,24.46,Uber Trip           help.uber.com       CA,Transportation-Taxis & Coach,,,
7/6/2023,18.74,LITTLE CAESARS PIZZARIVERSIDE           CA,Restaurant-Bar & Café,,,
7/5/2023,16.31,SNACK* MOGE TEE SAN SAN FRANCISCO       CA,Restaurant-Restaurant,,,
7/5/2023,36.74,THE POKE CO 0000    SAN DIEGO           CA,Restaurant-Bar & Café,,,
7/4/2023,7.73,PARADISE LIQUOR 0226SAN DIEGO           CA,Merchandise & Supplies-Groceries,,,
7/3/2023,1.25,CITYSD PARKING 28881SAN DIEGO           CA,Transportation-Parking Charges,,,
7/3/2023,11.28,TST* BETTER BUZZ - HSAN DIEGO           CA,Restaurant-Bar & Café,,,
7/3/2023,31.14,VONS #2355 2355     SAN DIEGO           CA,Merchandise & Supplies-Groceries,,,
7/2/2023,9.19,RALPH'S GROCERY     SAN DIEGO           CA,Merchandise & Supplies-Groceries,,,
7/2/2023,10.4,SEASIDE DONUTS BAKERNEWPORT BEACH       CA,Other-Miscellaneous,,,
7/1/2023,11,AplPay LAVENTINAS BINEWPORT BEACH       CA,Restaurant-Restaurant,,,
7/1/2023,365.89,SPIRIT AIRLINES     SOUTH FLORIDA       FL,Travel-Airline,,,
6/30/2023,4.95,DAIRY QUEEN #40532 0RANCHO CUCAMO       CA,Restaurant-Bar & Café,,,
6/30/2023,14,JETBLUE GATE RETAIL RESTON              VA,Merchandise & Supplies-Groceries,,,
6/29/2023,28.6,AplPay BT*FOOD AT* BKANSAS CITY         KS,Restaurant-Restaurant,,,
6/29/2023,10,AplPay STARBUCKS    800-782-7282        WA,Restaurant-Bar & Café,,,
6/28/2023,9.04,AV CC JAMBA JUICE   JAMAICA             NY,Restaurant-Bar & Café,,,
6/28/2023,2.75,AplPay NYCT PAYGO   NEW YORK            NY,Transportation-Rail Services,,,
6/28/2023,10.8,HUNGRY GHOST COFFEE Brooklyn            NY,Restaurant-Restaurant,,,
6/28/2023,23.9,TST* GRASS ROOTS JUIBROOKLYN            NY,Merchandise & Supplies-Groceries,,,
6/27/2023,2.75,AplPay NYCT PAYGO   NEW YORK            NY,Transportation-Rail Services,,,
6/27/2023,6.48,MOCHINUT 0001       NEW YORK            NY,Restaurant-Restaurant,,,
6/27/2023,41.32,SAN MARZANO         New York            NY,Restaurant-Restaurant,,,
6/27/2023,20.37,VAN LEEUWEN ICE CREABrooklyn            NY,Restaurant-Restaurant,,,
6/26/2023,2.75,AplPay NYCT PAYGO   NEW YORK            NY,Transportation-Rail Services,,,
6/26/2023,2.75,AplPay NYCT PAYGO   NEW YORK            NY,Transportation-Rail Services,,,
6/26/2023,15,BROOKLYN HARVEST MARBRROKLYN            NY,Merchandise & Supplies-Groceries,,,
6/26/2023,53.18,PP*ATITHI INDIAN CUIELMHURST            NY,Restaurant-Restaurant,,,
6/26/2023,13.07,UBER EATS           help.uber.com       CA,Restaurant-Restaurant,,,
6/25/2023,2.75,AplPay NYCT PAYGO   NEW YORK            NY,Transportation-Rail Services,,,
6/25/2023,2.75,AplPay NYCT PAYGO   NEW YORK            NY,Transportation-Rail Services,,,
6/25/2023,26.83,SUPERIORITY BURGER  New York            NY,Restaurant-Restaurant,,,
6/24/2023,2.75,AplPay NYCT PAYGO   NEW YORK            NY,Transportation-Rail Services,,,
6/24/2023,2.75,AplPay NYCT PAYGO   NEW YORK            NY,Transportation-Rail Services,,,
6/24/2023,2.75,AplPay NYCT PAYGO   NEW YORK            NY,Transportation-Rail Services,,,
6/24/2023,28.16,BIKE RENTAL CENTRAL New York            NY,Entertainment-General Attractions,,,
6/24/2023,11.71,CENTRAL PARK CAFE   New York            NY,Restaurant-Bar & Café,,,
6/24/2023,248.2,DELTA AIR LINES     ATLANTA,Travel-Airline,,,
6/24/2023,39.15,TST* THE GRAHAM 3006BROOKLYN            NY,Restaurant-Bar & Café,,,
6/23/2023,12,METROCARD/AIRTRAIN  NEW YORK            NY,Transportation-Rail Services,,,
6/23/2023,12,POINT.ME            NEW YORK            NY,Travel-Lodging,,,
6/23/2023,10,SKIPLAGGED*CYZX7J   NEW YORK            NY,Travel-Travel Agencies,,,
6/23/2023,10,SKIPLAGGED*GT6SOG   NEW YORK            NY,Travel-Travel Agencies,,,
6/23/2023,248.2,UNITED AIRLINES     HOUSTON             TX,Travel-Airline,,,
6/21/2023,10.81,BAKERS - 148 0000000RIVERSIDE           CA,Restaurant-Bar & Café,,,
6/21/2023,4.49,YOGURTLAND CA231 000FONTANA             CA,Restaurant-Bar & Café,,,
6/19/2023,14.99,PAYPAL *STEAM GAMES 4259522985          WA,Merchandise & Supplies-General Retail,,,
6/17/2023,-977.4,AUTOPAY PAYMENT - THANK YOU,,,,
6/17/2023,10,AplPay STARBUCKS    800-782-7282        WA,Restaurant-Bar & Café,,,
6/17/2023,20,CHATGPT SUBSCRIPTIONSAN FRANCISCO       CA,Merchandise & Supplies-Computer Supplies,,,
6/17/2023,32.84,DIMASSI?S CERRITOS  Cerritos            CA,Restaurant-Restaurant,,,
6/17/2023,29.4,TST* PAUL'S COCKTAILORANGE              CA,Restaurant-Bar & Café,,,
6/17/2023,7.82,UBER EATS           help.uber.com       CA,Restaurant-Restaurant,,,
6/15/2023,135.7,VUELING AIRLINES SA BARCELONA           ES,Travel-Airline,,,
6/13/2023,-50,RECREATION.GOV 00000ALBUQUERQUE         NM,Other-Government Services,,,
6/11/2023,6.75,HAPPY PINKBERRY 0001CORONA              CA,Other-Miscellaneous,,,
6/11/2023,30.87,ROCK & BREWS CORONA CORONA              CA,Restaurant-Restaurant,,,
6/10/2023,-10,AMEX Dining Credit,Restaurant-Restaurant,,,
6/9/2023,50.18,AT&T   *PAYMENT     800-288-2020        FL,Communications-Cable & Internet Comm,,,
6/7/2023,10,AplPay STARBUCKS    800-782-7282        WA,Restaurant-Bar & Café,,,
6/5/2023,4.27,TARGET        026328CULVER CITY         CA,Merchandise & Supplies-Wholesale Stores,,,
6/4/2023,90.23,HRBOR FREIGHT TOOLS RIVERSIDE           CA,Merchandise & Supplies-Hardware Supplies,,,
6/4/2023,4.88,P.S. I CREPE YOU 000RIVERSIDE           CA,Restaurant-Restaurant,,,
6/3/2023,15.71,GRUBHUB*THEFLAMEBROINEW YORK            NY,Restaurant-Restaurant,,,
5/31/2023,50.66,GRAMS BBQ 0000      RIVERSIDE           CA,Restaurant-Restaurant,,,
5/30/2023,11.8,MCDONALDS FIL. 1622 FRANKFURT           DE,Restaurant-Bar & Café,,,
5/30/2023,5.37,T-MOBILE HOTSPOT DT.BONN                DE,Communications-Telephone Comm,,,
5/29/2023,6.5,AplPay AIRALO       SINGAPORE           SG,Business Services-Internet Services,,,
5/26/2023,19,AplPay PADDLE.NET* SASTORIA             NY,Merchandise & Supplies-Internet Purchase,,,
5/25/2023,-10,AMEX Dining Credit,Restaurant-Restaurant,,,
5/25/2023,108.98,AplPay FLIXBUS.COM  LOS ANGELES,Travel-Travel Agencies,,,
5/24/2023,30.6,AplPay TFL TRAVEL CHTFL.GOV.UK/CP       GB,Transportation-Other Transportation,,,
5/23/2023,13.85,AplPay AIRALO       SINGAPORE           SG,Business Services-Internet Services,,,
5/23/2023,3.86,AplPay ETSY.COM     NEW YORK,Merchandise & Supplies-Internet Purchase,,,
5/23/2023,31.1,PAYPAL *HEATHROWEXP 07711126558         GB,Transportation-Other Transportation,,,
5/23/2023,12,POINT.ME            NEW YORK            NY,Travel-Lodging,,,
5/20/2023,6.3,ARCO #42511 ARCO4251LOS ANGELES         CA,Transportation-Fuel,,,
5/20/2023,19,AplPay PADDLE.NET* SASTORIA             NY,Merchandise & Supplies-Internet Purchase,,,
5/20/2023,60.06,TST* ALL TIME 000282LOS ANGELES         CA,Other-Miscellaneous,,,
5/20/2023,10.77,TST* HIGH HORSE SALOFULLERTON           CA,Other-Miscellaneous,,,
5/20/2023,21.32,TST* HIGH HORSE SALOFULLERTON           CA,Other-Miscellaneous,,,
5/20/2023,5,ZIINGS 0217700217839FULLERTON           CA,Restaurant-Restaurant,,,
5/19/2023,10.2,HOPSCOTCH TAVERN    FULLERTON           CA,Restaurant-Bar & Café,,,
5/19/2023,57.01,SHAREGRID.COM       BURBANK             CA,Business Services-Printing & Publishing,,,
5/19/2023,2.38,STARBUCKS STORE 1048ANAHEIM             CA,Restaurant-Bar & Café,,,
5/19/2023,16.12,TEMECULA STAMPEDE 02TEMECULA            CA,Restaurant-Restaurant,,,
5/19/2023,21.61,TEMECULA STAMPEDE 02TEMECULA            CA,Restaurant-Restaurant,,,
5/19/2023,7.86,Uber Trip           help.uber.com       CA,Transportation-Taxis & Coach,,,
5/19/2023,14.85,Uber Trip           help.uber.com       CA,Transportation-Taxis & Coach,,,
5/18/2023,-306.75,AUTOPAY PAYMENT - THANK YOU,,,,
5/18/2023,15,AplPay STARBUCKS    800-782-7282        WA,Restaurant-Bar & Café,,,
5/18/2023,18.16,IN N OUT BURGER 054 LAKE ELSINORE       CA,Restaurant-Bar & Café,,,
5/18/2023,11.58,PANDA EXPRESS #1903 FULLERTON           CA,Restaurant-Bar & Café,,,
5/18/2023,20,TEMECULA STAMPEDE 02TEMECULA            CA,Restaurant-Restaurant,,,
5/18/2023,23.57,TUSCANY LIQUOR 0709 LAKE ELSINORE       CA,Merchandise & Supplies-Groceries,,,
5/18/2023,38.06,WHAT S UP MEN       FULLERTON           CA,Restaurant-Restaurant,,,
5/17/2023,20,CHATGPT SUBSCRIPTIONSAN FRANCISCO       CA,Merchandise & Supplies-Computer Supplies,,,
5/16/2023,8.45,BT*GRUBHUB CAMPUS DISAN FRANCISCO       CA,Restaurant-Restaurant,,,
5/16/2023,8.62,PANDA EXPRESS #1903 FULLERTON           CA,Restaurant-Bar & Café,,,
5/15/2023,5.39,AplPay CSUF TITAN SHFULLERTON           CA,Other-Miscellaneous,,,
5/12/2023,19,AplPay PADDLE.NET* SASTORIA             NY,Merchandise & Supplies-Internet Purchase,,,
5/11/2023,14.73,TACO BELL           FULLERTON           CA,Restaurant-Bar & Café,,,
5/10/2023,10.75,BT*GRUBHUB CAMPUS DISAN FRANCISCO       CA,Restaurant-Restaurant,,,
5/10/2023,5,KP RX01073 0029     ANAHEIM             CA,Merchandise & Supplies-Pharmacies,,,
5/9/2023,16.2,AplPay IN N OUT BURGPLACENTIA           CA,Restaurant-Bar & Café,,,
5/8/2023,50.18,AT&T   *PAYMENT     800-288-2020        FL,Communications-Cable & Internet Comm,,,
5/7/2023,35.99,BLAZE PIZZA ORANGE 0ORANGE              CA,Restaurant-Bar & Café,,,
5/7/2023,26.46,SALT N PEPPER TRUCK Mission Viejo       CA,Restaurant-Bar & Café,,,
5/5/2023,10.48,ARCO #42225 AMPM ARCFONTANA             CA,Transportation-Fuel,,,
5/5/2023,15,AplPay EB *ASI SPRINSAN FRANCISCO       CA,Entertainment-General Events,,,
5/5/2023,11.73,CHICK-FIL-A #03997 0RIALTO              CA,Restaurant-Bar & Café,,,
5/5/2023,106.85,STATE FARM INSURANCEBLOOMINGTON         IL,Business Services-Insurance Services,,,
5/2/2023,10.91,STATE FARM INSURANCEBLOOMINGTON         IL,Business Services-Insurance Services,,,
4/23/2023,12,POINT.ME            NEW YORK            NY,Travel-Lodging,,,
4/21/2023,17.24,AplPay TST* BUNDOO KFULLERTON           CA,Other-Miscellaneous,,,
4/21/2023,31.29,BOARD AND BREW ANAHEANAHEIM             CA,Restaurant-Bar & Café,,,
4/21/2023,9.45,BT*GRUBHUB CAMPUS DISAN FRANCISCO       CA,Restaurant-Restaurant,,,
4/19/2023,10.75,BT*GRUBHUB CAMPUS DISAN FRANCISCO       CA,Restaurant-Restaurant,,,
4/18/2023,-1711.56,AUTOPAY PAYMENT - THANK YOU,,,,
4/17/2023,-10,AMEX Dining Credit,Restaurant-Restaurant,,,
4/17/2023,20,CHATGPT SUBSCRIPTIONSAN FRANCISCO       CA,Merchandise & Supplies-Computer Supplies,,,
4/17/2023,6.67,DEL TACO            ANAHEIM             CA,Restaurant-Bar & Café,,,
4/16/2023,18.05,AplPay IN N OUT BURGSAN BERNARDINO      CA,Restaurant-Bar & Café,,,
4/14/2023,25.03,AplPay SUBWAY       SAN DIMAS           CA,Restaurant-Bar & Café,,,
4/13/2023,10.6,AplPay IN N OUT BURGPLACENTIA           CA,Restaurant-Bar & Café,,,
4/12/2023,10,AplPay STARBUCKS    800-782-7282        WA,Restaurant-Bar & Café,,,
4/12/2023,10.75,BT*GRUBHUB CAMPUS DISAN FRANCISCO       CA,Restaurant-Restaurant,,,
4/12/2023,5.45,TRADER JOE S #113 00SANTA ANA           CA,Merchandise & Supplies-Groceries,,,
4/11/2023,5.39,CSUF TITAN SHOPS 021FULLERTON           CA,Other-Miscellaneous,,,
4/10/2023,50.18,AT&T   *PAYMENT     800-288-2020        FL,Communications-Cable & Internet Comm,,,
4/9/2023,15.65,AplPay CHEBA HUT - RRIVERSIDE           CA,Restaurant-Restaurant,,,
4/8/2023,8.78,AplPay PANERA BREAD RIVERSIDE           CA,Restaurant-Bar & Café,,,
4/7/2023,7.73,DEL TACO            HIGHLAND            CA,Restaurant-Bar & Café,,,
4/4/2023,10,AplPay STARBUCKS    800-782-7282        WA,Restaurant-Bar & Café,,,
4/4/2023,10.83,STATE FARM INSURANCEBLOOMINGTON         IL,Business Services-Insurance Services,,,
4/3/2023,10,AplPay STARBUCKS    800-782-7282        WA,Restaurant-Bar & Café,,,
4/3/2023,250,RENEWAL MEMBERSHIP FEE,Fees & Adjustments-Fees & Adjustments,,,
4/1/2023,4.08,7-ELEVEN 34221 00073ANAHEIM             CA,Merchandise & Supplies-Groceries,,,
4/1/2023,26.02,FOX CONCESSIONS     Pomona              CA,Restaurant-Bar & Café,,,
4/1/2023,13,"TST* LFA GROUP, LLC GARDEN GROVE        CA",Restaurant-Bar & Café,,,
3/31/2023,37.23,BAKERS - 160 0000000RIVERSIDE           CA,Restaurant-Bar & Café,,,
3/31/2023,38,PAYPAL *WWW AXS COM 8889297849          CA,Entertainment-General Events,,,
3/31/2023,13.48,TST* ROBEKS - 376 - FULLERTON           CA,Restaurant-Restaurant,,,
3/30/2023,22.5,AplPay SNOW VALLEY 0RUNNING SPRIN       CA,Entertainment-Other Entertainment,,,
3/28/2023,5,AplPay KP RX01073 00ANAHEIM             CA,Merchandise & Supplies-Pharmacies,,,
3/28/2023,7.05,MCDONALD'S F6535 000BISHOP              CA,Restaurant-Bar & Café,,,
3/27/2023,22,BWAY MARKETPLACE MAMMAMMOTH LAKES       CA,Travel-Lodging,,,
3/27/2023,42.21,SMART AND FINAL 380 BISHOP              CA,Merchandise & Supplies-Groceries,,,
3/27/2023,85.01,TST* WHISKEY CREEK 3BISHOP              CA,Other-Miscellaneous,,,
3/26/2023,24,JUNE MOUNTAIN FOOD 0JUNE LAKE           CA,Travel-Lodging,,,
3/26/2023,20.47,MANOR MARKET 0000000BISHOP              CA,Merchandise & Supplies-Groceries,,,
3/25/2023,24.76,AplPay CHICK-FIL-A #ONTARIO             CA,Restaurant-Bar & Café,,,
3/25/2023,7,FAST 5 XPRESS ONTARIONTARIO             CA,Business Services-Other Services,,,
3/25/2023,43.83,FORT INDEPENDENCE TRINDEPENDENCE        CA,Transportation-Fuel,,,
3/25/2023,34.76,RITE AID 05839 0583 BISHOP              CA,Merchandise & Supplies-Pharmacies,,,
3/24/2023,31.46,WALMART.COM 80096665BENTONVILLE         AR,Merchandise & Supplies-Internet Purchase,,,
3/23/2023,10.1,ALBERTSONS #0819 081FULLERTON           CA,Merchandise & Supplies-Groceries,,,
3/22/2023,8.25,BT*GRUBHUB CAMPUS DISAN FRANCISCO       CA,Restaurant-Restaurant,,,
3/22/2023,60,RECREATION.GOV 00000ALBUQUERQUE         NM,Other-Government Services,,,
3/21/2023,295.24,AplPay ADORAMA.COM  800-223-2500        NY,Merchandise & Supplies-Internet Purchase,,,
3/20/2023,14.67,SUBWAY              CANYON COUNTRY      CA,Restaurant-Bar & Café,,,
3/18/2023,-52.92,AUTOPAY PAYMENT - THANK YOU,,,,
3/17/2023,10.75,BT*GRUBHUB CAMPUS DISAN FRANCISCO       CA,Restaurant-Restaurant,,,
3/17/2023,20,CHATGPT SUBSCRIPTIONSAN FRANCISCO       CA,Merchandise & Supplies-Computer Supplies,,,
3/17/2023,320.65,MASTER CAR CARE     RIVERSIDE           CA,Other-Miscellaneous,,,
3/16/2023,3.35,AplPay CSUF EMPORI-YFULLERTON           CA,Other-Miscellaneous,,,
3/15/2023,15.39,AplPay WINGSTOP 1229FULLERTON           CA,Other-Miscellaneous,,,
3/13/2023,10,AplPay STARBUCKS    800-782-7282        WA,Restaurant-Bar & Café,,,
3/12/2023,17.23,HARBOR FREIGHT TOOLSANAHEIM             CA,Merchandise & Supplies-Hardware Supplies,,,
3/12/2023,5,POINT.ME            NEW YORK            NY,Travel-Lodging,,,
3/11/2023,30.12,CARL'S JR 124 567000POMONA              CA,Restaurant-Restaurant,,,
3/10/2023,10,AplPay STARBUCKS    800-782-7282        WA,Restaurant-Bar & Café,,,
3/10/2023,10.75,BT*GRUBHUB CAMPUS DISAN FRANCISCO       CA,Restaurant-Restaurant,,,
3/10/2023,16.59,SUBWAY              ANAHEIM             CA,Restaurant-Bar & Café,,,
3/9/2023,50.18,AT&T   *PAYMENT     800-288-2020        FL,Communications-Cable & Internet Comm,,,
3/9/2023,0.39,STARBUCKS 19633 STARFULLERTON           CA,Other-Education,,,
3/8/2023,8,BT*GRUBHUB CAMPUS DISAN FRANCISCO       CA,Restaurant-Restaurant,,,
3/8/2023,43.04,TST* CALI TACOS - SASANTA ANA           CA,Restaurant-Restaurant,,,
3/6/2023,-10,AMEX Dining Credit,Restaurant-Restaurant,,,
3/4/2023,10,AplPay STARBUCKS    800-782-7282        WA,Restaurant-Bar & Café,,,
3/3/2023,9.5,BT*GRUBHUB CAMPUS DISAN FRANCISCO       CA,Restaurant-Restaurant,,,
3/2/2023,10.83,STATE FARM INSURANCEBLOOMINGTON         IL,Business Services-Insurance Services,,,
3/1/2023,14.57,AplPay IN N OUT BURGPLACENTIA           CA,Restaurant-Bar & Café,,,
3/1/2023,7.5,AplPay SEASIDE DONUTNEWPORT BEACH       CA,Merchandise & Supplies-Groceries,,,
3/1/2023,14.25,BT*GRUBHUB CAMPUS DISAN FRANCISCO       CA,Restaurant-Restaurant,,,
2/28/2023,10,AplPay STARBUCKS    800-782-7282        WA,Restaurant-Bar & Café,,,
2/28/2023,3.35,CSUF EMPORI-YUM 0217FULLERTON           CA,Other-Miscellaneous,,,
2/27/2023,-29.99,APPLE.COM/BILL      INTERNET CHARGE     CA,Merchandise & Supplies-Internet Purchase,,,
2/26/2023,10,AplPay STARBUCKS    800-782-7282        WA,Restaurant-Bar & Café,,,
2/26/2023,2.91,AplPay THE UPS STOREANAHEIM             CA,Business Services-Office Supplies,,,
2/26/2023,-500.62,MOBILE PAYMENT - THANK YOU,,,,
2/24/2023,29.99,APPLE.COM/BILL      INTERNET CHARGE     CA,Merchandise & Supplies-Internet Purchase,,,
2/24/2023,10,KAISER 0809361 0033 SANTA ANA           CA,Business Services-Health Care Services,,,
2/23/2023,8.5,BT*GRUBHUB CAMPUS DISAN FRANCISCO       CA,Restaurant-Restaurant,,,
2/22/2023,10,AplPay STARBUCKS    800-782-7282        WA,Restaurant-Bar & Café,,,
2/22/2023,9.5,BT*GRUBHUB CAMPUS DISAN FRANCISCO       CA,Restaurant-Restaurant,,,
2/22/2023,49.34,WINGSTOP 1229 OLO 00FULLERTON           CA,Other-Miscellaneous,,,
2/20/2023,29.95,LEROY'S BOARD SHOP-RRUNNING SPGS        CA,Merchandise & Supplies-Sporting Goods Stores,,,
2/20/2023,11.82,SAM'S CLUB 6624 6624SAN BERNARDINO      CA,Merchandise & Supplies-Wholesale Stores,,,
2/20/2023,8.48,SPEEDWAY            1-800-643-1948      OH,Transportation-Fuel,,,
2/19/2023,11.01,RAISING CANE'S 189 1COSTA MESA          CA,Restaurant-Bar & Café,,,
2/19/2023,57.98,SPEEDWAY            1-800-643-1949      OH,Transportation-Fuel,,,
2/18/2023,-974.51,AUTOPAY PAYMENT - THANK YOU,,,,
2/17/2023,9.5,BT*GRUBHUB CAMPUS DISAN FRANCISCO       CA,Restaurant-Restaurant,,,
2/16/2023,10,AplPay STARBUCKS    800-782-7282        WA,Restaurant-Bar & Café,,,
2/14/2023,6.45,TRADER JOE'S #046  QORANGE              CA,Merchandise & Supplies-Groceries,,,
2/13/2023,22.19,PY *GURU'S PROVO AIRPROVO               UT,Restaurant-Restaurant,,,
2/12/2023,6.09,PP*DUTCHBROSLL      GRANTS PASS         OR,Restaurant-Bar & Café,,,
2/12/2023,6,THE WASH BARN       LEHI                UT,Business Services-Other Services,,,
2/10/2023,4.5,BREEZE AIRWAYS ONBOAIRVING              TX,Restaurant-Restaurant,,,
2/9/2023,11.58,AplPay PANDA EXPRESSFULLERTON           CA,Restaurant-Bar & Café,,,
2/8/2023,50.3,AT&T   *PAYMENT     800-288-2020        FL,Communications-Cable & Internet Comm,,,
2/7/2023,-0.5,AMEX Dining Credit,Restaurant-Restaurant,,,
2/7/2023,53.85,AplPay BT*K&N ENGINERIVERSIDE           CA,Transportation-Auto Services,,,
2/7/2023,4.79,CSUF EMPORI-YUM 0217FULLERTON           CA,Other-Miscellaneous,,,
2/5/2023,-9.5,AMEX Dining Credit,Restaurant-Restaurant,,,
2/4/2023,31.99,EUCLID CAR WASH 9658ANAHEIM             CA,Business Services-Other Services,,,
2/4/2023,15.43,TST* HIGH HORSE SALOFULLERTON           CA,Restaurant-Restaurant,,,
2/3/2023,5.93,AplPay IN N OUT BURGPLACENTIA           CA,Restaurant-Bar & Café,,,
2/3/2023,9.89,BT*GRUBHUB CAMPUS DISAN FRANCISCO       CA,Restaurant-Restaurant,,,
2/3/2023,14,HOPSCOTCH TAVERN    FULLERTON           CA,Restaurant-Bar & Café,,,
2/3/2023,27.38,LA PIZZA LOCA #30 31ANAHEIM             CA,Restaurant-Restaurant,,,
2/2/2023,7.17,ARCO #42122 ARCO4212FULLERTON           CA,Transportation-Fuel,,,
2/2/2023,10.83,STATE FARM INSURANCEBLOOMINGTON         IL,Business Services-Insurance Services,,,
2/1/2023,9.5,BT*GRUBHUB CAMPUS DISAN FRANCISCO       CA,Restaurant-Restaurant,,,
2/1/2023,1.5,OC SUP COURT NAME SESANTA ANA           CA,Other-Government Services,,,
1/30/2023,10,AplPay STARBUCKS    800-782-7282        WA,Restaurant-Bar & Café,,,
1/27/2023,12.92,VONS #2374 2374     BIG BEAR LAKE       CA,Merchandise & Supplies-Groceries,,,
1/26/2023,39.95,PAYPAL *LYRYXLEARNI 4036706726          CA,Business Services-Internet Services,,,
1/25/2023,10.6,AplPay IN N OUT BURGPLACENTIA           CA,Restaurant-Bar & Café,,,
1/23/2023,8.62,AplPay PANDA EXPRESSFULLERTON           CA,Restaurant-Bar & Café,,,
1/22/2023,10.5,HOPSCOTCH TAVERN    FULLERTON           CA,Restaurant-Bar & Café,,,
1/22/2023,33.37,LITTLE CAESAR       ANAHEIM             CA,Restaurant-Bar & Café,,,
1/19/2023,17.14,SNOW SUMMIT FOOD & BBIG BEAR LAKE       CA,Restaurant-Restaurant,,,
1/19/2023,23.75,SNOW SUMMIT FOOD & BBIG BEAR LAKE       CA,Restaurant-Restaurant,,,
1/18/2023,-1528.12,AUTOPAY PAYMENT - THANK YOU,,,,
1/18/2023,27.76,BAKERSBURGERS 148 00RIVERSIDE           CA,Restaurant-Bar & Café,,,
1/17/2023,27.44,BAKERSBURGERS 148 00RIVERSIDE           CA,Restaurant-Bar & Café,,,
1/16/2023,1.83,UBER TRIP           SAN FRANCISCO       CA,Transportation-Taxis & Coach,,,
1/16/2023,92.39,UBER TRIP           SAN FRANCISCO       CA,Transportation-Taxis & Coach,,,
1/15/2023,19.33,AplPay LEGO SHOP AT (800)835-4386       CT,Merchandise & Supplies-Arts & Jewelry,,,
1/15/2023,19.62,MELT PIZZAS CONCON  CONCON,Restaurant-Bar & Café,,,
1/15/2023,11.4,UBER TRIP           SAN FRANCISCO       CA,Transportation-Taxis & Coach,,,
1/15/2023,12.92,UBER TRIP           SAN FRANCISCO       CA,Transportation-Taxis & Coach,,,
1/14/2023,7.36,EASY VALPARAISO     VALPARAISO,Merchandise & Supplies-Department Stores,,,
1/14/2023,1.41,JUMBO VALPARAISO    VALPARAISO,Merchandise & Supplies-Groceries,,,
1/14/2023,32.07,VIA DEL MAR LIMITADAValparaiso          CL,Restaurant-Bar & Café,,,
1/13/2023,4.3,AMOR PORTENO        VALPARAISO,Restaurant-Restaurant,,,
1/13/2023,25.07,UBER EATS           SAN FRANCISCO       CA,Restaurant-Restaurant,,,
1/12/2023,3.26,AMOR PORTENO        VALPARAISO,Restaurant-Restaurant,,,
1/12/2023,37.8,DIDI FOOD CL        SANTIAGO,Other-Miscellaneous,,,
1/12/2023,2.3,EXPRESS VALPARAISO  VALPARAISO,Merchandise & Supplies-Groceries,,,
1/11/2023,5.42,JUMBO VALPARAISO    VALPARAISO,Merchandise & Supplies-Groceries,,,
1/11/2023,14.87,SOCIEDAD GASTRONOMICValparaiso          CL,Restaurant-Bar & Café,,,
1/10/2023,18.6,C. VERDE AEROPUERTOSSANTIAGO,Merchandise & Supplies-Pharmacies,,,
1/10/2023,25.47,COMERCIAL LA PRIMERAMagallanes          CL,Other-Miscellaneous,,,
1/10/2023,2.65,RECORRIDO           SANTIAGO,Communications-Cable & Internet Comm,,,
1/10/2023,7.46,TURBUS WEB 2        SANTIAGO,Transportation-Taxis & Coach,,,
1/10/2023,15.14,UBER TRIP           SAN FRANCISCO       CA,Transportation-Taxis & Coach,,,
1/9/2023,50.3,AT&T   *PAYMENT     800-288-2020        FL,Communications-Cable & Internet Comm,,,
1/9/2023,11,PAYPAL *CORPORACION 4029357733          CH,Business Services-Internet Services,,,
1/8/2023,35,PAYPAL *CORPORACION 4029357733          CH,Business Services-Internet Services,,,
1/7/2023,23.64,COMERCIAL LA PRIMERAMagallanes          CL,Other-Miscellaneous,,,
1/7/2023,99.73,ESTANCIA RIO LOS CIEPUNTA ARENAS,Travel-Lodging,,,
1/7/2023,13.5,UBER TRIP           SAN FRANCISCO       CA,Transportation-Taxis & Coach,,,
1/7/2023,6.81,UNIMARC BORIES AUSTRPUNTA ARENAS,Merchandise & Supplies-Groceries,,,
1/6/2023,24.95,AMC ONLINE 9640     LEAWOOD             KS,Entertainment-Theatrical Events,,,
1/6/2023,4.82,EXPRESS PLAZA ITALIASANTIAGO,Merchandise & Supplies-Groceries,,,
1/6/2023,19.89,HOSTAL PROVIDENCIA  SANTIAGO,Travel-Lodging,,,
1/6/2023,1.31,UBER TRIP           SAN FRANCISCO       CA,Transportation-Taxis & Coach,,,
1/5/2023,5.48,EXPRESS PLAZA ITALIASANTIAGO,Merchandise & Supplies-Groceries,,,
1/4/2023,1.27,EKONO BELLAVISTA    SANTIAGO,Merchandise & Supplies-Groceries,,,
1/4/2023,10.81,NEW HORIZON         SANTIAGO,Restaurant-Restaurant,,,
1/4/2023,10.83,STATE FARM INSURANCEBLOOMINGTON         IL,Business Services-Insurance Services,,,
1/3/2023,14.97,DALAI LOMO PROVIDENCSANTIAGO,Restaurant-Bar & Café,,,
1/3/2023,6.76,EXPRESS PLAZA ITALIASANTIAGO,Merchandise & Supplies-Groceries,,,
1/3/2023,5.9,HOSTAL PROVIDENCIA  SANTIAGO,Travel-Lodging,,,
1/2/2023,23,AplPay AIRALO       SINGAPORE           SG,Business Services-Internet Services,,,
